{
    "loss": 7.784499645233154,
    "accuracy": 0.41333332657814026
}